name,surname,ID,roomID,checkIn
Aaron,Aaberg,1,150,0
Abbey,Aaby,2,149,0
Abbie,Aadland,3,148,0
Abby,Aagaard,4,147,0
Abdul,Aakre,5,0,0
Abe,Aaland,6,145,0
Abel,Aalbers,7,144,0
Abigail,Aalderink,8,143,0
Abraham,Aalund,9,142,0
Abram,Aamodt,10,141,0
Ada,Aamot,11,140,0
Adah,Aanderud,12,139,0
Adalberto,Aanenson,13,138,0
Adaline,Aanerud,14,137,0
Adam,Aarant,15,136,0
Adam,Aardema,16,135,1
Adan,Aarestad,17,134,1
Addie,Aarhus,18,133,1
Adela,Aaron,19,132,1
Adelaida,Aarons,20,131,1
Adelaide,Aaronson,21,130,1
Adele,Aarsvold,22,129,1
Adelia,Aas,23,128,1
Adelina,Aasby,24,127,1
Adeline,Aase,25,126,1
Adell,Aasen,26,125,1
Adella,Aavang,27,124,1
Adelle,Abad,28,123,1
Adena,Abadi,29,122,1
Adina,Abadie,30,121,1
Adolfo,Abair,31,120,1
Adolph,Abaja,32,119,1
Adria,Abajian,33,118,1
Adrian,Abalos,34,117,1
Adrian,Abaloz,35,116,1
Adriana,Abar,36,115,1
Adriane,Abarca,37,114,1
Adrianna,Abare,38,113,1
Adrianne,Abascal,39,112,1
Adrien,Abasta,40,111,1
Adriene,Abate,41,110,1
Adrienne,Abati,42,109,1
Afton,Abatiell,43,108,1
Agatha,Abato,44,107,1
Agnes,Abatti,45,106,1
Agnus,Abaunza,46,105,1
Agripina,Abaya,47,104,1
Agueda,Abbadessa,48,103,1
Agustin,Abbamonte,49,102,1
Agustina,Abbas,50,101,1
Ahmad,Abbasi,51,100,1
Ahmed,Abbassi,52,99,1
Ai,Abbate,53,98,1
Aida,Abbatiello,54,97,1
Aide,Abbay,55,96,1
Aiko,Abbe,56,95,1
Aileen,Abbed,57,94,1
Ailene,Abbenante,58,93,1
Aimee,Abbey,59,92,1
Aisha,Abbinanti,60,91,1
Aja,Abbington,61,90,1
Akiko,Abbitt,62,89,1
Akilah,Abbot,63,88,1
Al,Abbott,64,87,1
Alaina,Abboud,65,86,1
Alaine,Abbruzzese,66,85,1
Alan,Abbs,67,84,1
Alana,Abby,68,83,1
Alane,Abdalla,69,82,1
Alanna,Abdallah,70,81,1
Alayna,Abdel,71,80,1
Alba,Abdelal,72,79,1
Albert,Abdelaziz,73,78,1
Albert,Abdeldayen,74,77,1
Alberta,Abdelhamid,75,76,1
Albertha,Abdella,76,75,1
Albertina,Abdelmuti,77,74,1
Albertine,Abdelrahman,78,73,1
Alberto,Abdelwahed,79,72,1
Albina,Abdi,80,71,1
Alda,Abdin,81,70,1
Alden,Abdo,82,69,1
Aldo,Abdon,83,68,1
Alease,Abdool,84,67,1
Alec,Abdou,85,66,1
Alecia,Abdul,86,65,1
Aleen,Abdula,87,64,1
Aleida,Abdulaziz,88,63,1
Aleisha,Abdulkarim,89,62,1
Alejandra,Abdulla,90,61,1
Alejandrina,Abdullah,91,60,1
Alejandro,Abdullai,92,59,1
Alena,Abdulmateen,93,58,1
Alene,Abdulmuniem,94,57,1
Alesha,Abdur,95,56,1
Aleshia,Abe,96,55,1
Alesia,Abeb,97,54,1
Alessandra,Abed,98,53,1
Aleta,Abedelah,99,52,1
Aletha,Abedi,100,51,1
Alethea,Abee,101,50,1
Alethia,Abegg,102,49,1
Alex,Abeita,103,48,1
Alex,Abel,104,47,1
Alexa,Abela,105,46,1
Alexander,Abelar,106,45,1
Alexander,Abelardo,107,44,1
Alexandra,Abele,108,43,1
Alexandria,Abeles,109,42,1
Alexia,Abell,110,41,1
Alexis,Abella,111,40,1
Alexis,Abellera,112,39,1
Alfonso,Abelman,113,38,1
Alfonzo,Abeln,114,37,1
Alfred,Abels,115,36,1
Alfreda,Abelson,116,35,1
Alfredia,Aben,117,34,1
Alfredo,Abend,118,33,1
Ali,Abendroth,119,32,1
Ali,Aber,120,31,1
Alia,Abercombie,121,30,1
Alica,Abercrombie,122,29,1
Alice,Aberle,123,28,1
Alicia,Abernatha,124,27,1
Alida,Abernathy,125,26,1
Alina,Abernethy,126,25,1
Aline,Aberson,127,24,1
Alisa,Abes,128,23,1
Alise,Abeta,129,22,1
Alisha,Abete,130,21,1
Alishia,Abetrani,131,20,1
Alisia,Abeyta,132,19,1
Alison,Abide,133,18,1
Alissa,Abigantus,134,17,1
Alita,Abila,135,16,1
Alix,Abilay,136,15,1
Aliza,Abild,137,14,1
Alla,Abilez,138,13,1
Allan,Abina,139,12,1
Alleen,Abington,140,11,1
Allegra,Abitong,141,10,1
Allen,Abke,142,9,1
Allen,Abkemeier,143,8,1
Allena,Ablang,144,7,1
Allene,Ablao,145,6,1
Allie,Able,146,5,1
Alline,Ableman,147,4,1
Allison,Abler,148,3,1
Allyn,Ables,149,2,1
Allyson,Ablin,150,1,1
,,151,0,0
,,152,0,0
,,153,0,0
,,154,0,0
,,155,0,0
,,156,0,0
,,157,0,0
,,158,0,0
,,159,0,0
,,160,0,0
,,161,0,0
,,162,0,0
,,163,0,0
,,164,0,0
,,165,0,0
,,166,0,0
,,167,0,0
,,168,0,0
,,169,0,0
,,170,0,0
,,171,0,0
,,172,0,0
,,173,0,0
,,174,0,0
,,175,0,0
,,176,0,0
,,177,0,0
,,178,0,0
,,179,0,0
,,180,0,0
,,181,0,0
,,182,0,0
,,183,0,0
,,184,0,0
,,185,0,0
,,186,0,0
,,187,0,0
,,188,0,0
,,189,0,0
,,190,0,0
,,191,0,0
,,192,0,0
,,193,0,0
,,194,0,0
,,195,0,0
,,196,0,0
,,197,0,0
,,198,0,0
,,199,0,0
,,200,0,0
,,201,0,0
,,202,0,0
,,203,0,0
,,204,0,0
,,205,0,0
,,206,0,0
,,207,0,0
,,208,0,0
,,209,0,0
,,210,0,0
,,211,0,0
,,212,0,0
,,213,0,0
,,214,0,0
,,215,0,0
,,216,0,0
,,217,0,0
,,218,0,0
,,219,0,0
,,220,0,0
,,221,0,0
,,222,0,0
,,223,0,0
,,224,0,0
,,225,0,0
,,226,0,0
,,227,0,0
,,228,0,0
,,229,0,0
,,230,0,0
,,231,0,0
,,232,0,0
,,233,0,0
,,234,0,0
,,235,0,0
,,236,0,0
,,237,0,0
,,238,0,0
,,239,0,0
,,240,0,0
,,241,0,0
,,242,0,0
,,243,0,0
,,244,0,0
,,245,0,0
,,246,0,0
,,247,0,0
,,248,0,0
,,249,0,0
,,250,0,0
,,251,0,0
,,252,0,0
,,253,0,0
,,254,0,0
,,255,0,0
,,256,0,0
,,257,0,0
,,258,0,0
,,259,0,0
,,260,0,0
,,261,0,0
,,262,0,0
,,263,0,0
,,264,0,0
,,265,0,0
,,266,0,0
,,267,0,0
,,268,0,0
,,269,0,0
,,270,0,0
,,271,0,0
,,272,0,0
,,273,0,0
,,274,0,0
,,275,0,0
,,276,0,0
,,277,0,0
,,278,0,0
,,279,0,0
,,280,0,0
,,281,0,0
,,282,0,0
,,283,0,0
,,284,0,0
,,285,0,0
,,286,0,0
,,287,0,0
,,288,0,0
,,289,0,0
,,290,0,0
,,291,0,0
,,292,0,0
,,293,0,0
,,294,0,0
,,295,0,0
,,296,0,0
,,297,0,0
,,298,0,0
,,299,0,0
,,300,0,0
,,301,0,0
,,302,0,0
,,303,0,0
,,304,0,0
,,305,0,0
,,306,0,0
,,307,0,0
,,308,0,0
,,309,0,0
,,310,0,0
,,311,0,0
,,312,0,0
,,313,0,0
,,314,0,0
,,315,0,0
,,316,0,0
,,317,0,0
,,318,0,0
,,319,0,0
,,320,0,0
,,321,0,0
,,322,0,0
,,323,0,0
,,324,0,0
,,325,0,0
,,326,0,0
,,327,0,0
,,328,0,0
,,329,0,0
,,330,0,0
,,331,0,0
,,332,0,0
,,333,0,0
,,334,0,0
,,335,0,0
,,336,0,0
,,337,0,0
,,338,0,0
,,339,0,0
,,340,0,0
,,341,0,0
,,342,0,0
,,343,0,0
,,344,0,0
,,345,0,0
,,346,0,0
,,347,0,0
,,348,0,0
,,349,0,0
,,350,0,0
,,351,0,0
,,352,0,0
,,353,0,0
,,354,0,0
,,355,0,0
,,356,0,0
,,357,0,0
,,358,0,0
,,359,0,0
,,360,0,0
,,361,0,0
,,362,0,0
,,363,0,0
,,364,0,0
,,365,0,0
,,366,0,0
,,367,0,0
,,368,0,0
,,369,0,0
,,370,0,0
,,371,0,0
,,372,0,0
,,373,0,0
,,374,0,0
,,375,0,0
,,376,0,0
,,377,0,0
,,378,0,0
,,379,0,0
,,380,0,0
,,381,0,0
,,382,0,0
,,383,0,0
,,384,0,0
,,385,0,0
,,386,0,0
,,387,0,0
,,388,0,0
,,389,0,0
,,390,0,0
,,391,0,0
,,392,0,0
,,393,0,0
,,394,0,0
,,395,0,0
,,396,0,0
,,397,0,0
,,398,0,0
,,399,0,0
,,400,0,0
